Report ID,9020b854-e2cf-45f5-8360-d36fc94904d7
Date,2026-09-27T13:55:30.556904
Serial Number,ET-DS852-2026-0471
Conformity,FAIL

Load (kg),Reading (kg),Direction,Error (kg),MPE (kg),Result
0.0,0.0,increasing,0.0,0.0025,PASS
1.0,1.002,increasing,0.0020000000000000018,0.0025,PASS
3.0,3.003,increasing,0.0030000000000001137,0.005,PASS
5.0,5.004,increasing,0.0039999999999995595,0.005,PASS
7.5,7.503,increasing,0.0030000000000001137,0.005,PASS
10.0,10.005,increasing,0.005000000000000782,0.005,FAIL
12.0,12.004,increasing,0.0039999999999995595,0.0075,PASS
15.0,15.006,increasing,0.006000000000000227,0.0075,PASS
0.0,0.0,increasing,0.0,0.0025,PASS
1.0,1.001,increasing,0.0009999999999998899,0.0025,PASS
5.0,5.003,increasing,0.0030000000000001137,0.005,PASS
10.0,10.004,increasing,0.0039999999999995595,0.005,PASS
15.0,15.007,increasing,0.006999999999999673,0.0075,PASS
0.0,0.0,increasing,0.0,0.0025,PASS
5.0,5.005,increasing,0.004999999999999893,0.005,PASS
10.0,10.006,increasing,0.006000000000000227,0.005,FAIL
15.0,15.005,increasing,0.005000000000000782,0.0075,PASS
15.0,15.007,decreasing,0.006999999999999673,0.0075,PASS
10.0,10.006,decreasing,0.006000000000000227,0.005,FAIL
5.0,5.005,decreasing,0.004999999999999893,0.005,PASS
1.0,1.002,decreasing,0.0020000000000000018,0.0025,PASS
0.0,0.001,decreasing,0.001,0.0025,PASS
5.0,5.004,increasing,0.0039999999999995595,0.005,PASS
5.0,5.003,increasing,0.0030000000000001137,0.005,PASS
5.0,5.006,increasing,0.006000000000000227,0.005,FAIL
5.0,5.002,increasing,0.0019999999999997797,0.005,PASS
